snapshot_ts,pull_date,game_date,market,event_ticker,market_ticker,floor_strike,status,yes_ask,no_ask
2026-10-06T13:00:05.209702+00:00,2026-10-06,2026-10-18,ML,KXNFLGAME-26OCT18DALGB,KXNFLGAME-26OCT18DALGB-GB,,active,0.4371,0.6463
2026-10-06T13:00:05.209702+00:00,2026-10-06,2026-10-18,ML,KXNFLGAME-26OCT18DALGB,KXNFLGAME-26OCT18DALGB-DAL,,active,0.6463,0.4269
2026-10-06T13:00:05.209702+00:00,2026-10-06,2026-10-18,ML,KXNFLGAME-26OCT18LACKC,KXNFLGAME-26OCT18LACKC-LAC,,active,0.2528,0.7824
2026-10-06T13:00:05.209702+00:00,2026-10-06,2026-10-18,ML,KXNFLGAME-26OCT18LACKC,KXNFLGAME-26OCT18LACKC-KC,,active,0.7920,0.2424
2026-10-06T13:00:05.209702+00:00,2026-10-06,2026-10-18,ML,KXNFLGAME-26OCT18BUFLV,KXNFLGAME-26OCT18BUFLV-LV,,active,0.3250,0.7147
2026-10-06T13:00:05.209702+00:00,2026-10-06,2026-10-18,ML,KXNFLGAME-26OCT18BUFLV,KXNFLGAME-26OCT18BUFLV-BUF,,active,0.7341,0.3250
2026-10-06T13:00:05.209702+00:00,2026-10-06,2026-10-18,ML,KXNFLGAME-26OCT18ARILAR,KXNFLGAME-26OCT18ARILAR-LAR,,active,0.8494,0.1903
2026-10-06T13:00:05.209702+00:00,2026-10-06,2026-10-18,ML,KXNFLGAME-26OCT18ARILAR,KXNFLGAME-26OCT18ARILAR-ARI,,active,0.2008,0.8303
2026-10-06T13:00:05.209702+00:00,2026-10-06,2026-10-18,ML,KXNFLGAME-26OCT18PITTB,KXNFLGAME-26OCT18PITTB-TB,,active,0.4572,0.6168
2026-10-06T13:00:05.209702+00:00,2026-10-06,2026-10-18,ML,KXNFLGAME-26OCT18PITTB,KXNFLGAME-26OCT18PITTB-PIT,,active,0.6267,0.4572
2026-10-06T13:00:05.209702+00:00,2026-10-06,2026-10-18,ML,KXNFLGAME-26OCT18CARPHI,KXNFLGAME-26OCT18CARPHI-PHI,,active,0.5772,0.4774
2026-10-06T13:00:05.209702+00:00,2026-10-06,2026-10-18,ML,KXNFLGAME-26OCT18CARPHI,KXNFLGAME-26OCT18CARPHI-CAR,,active,0.4774,0.5772
2026-10-06T13:00:05.209702+00:00,2026-10-06,2026-10-18,ML,KXNFLGAME-26OCT18NONYG,KXNFLGAME-26OCT18NONYG-NYG,,active,0.4774,0.5971
2026-10-06T13:00:05.209702+00:00,2026-10-06,2026-10-18,ML,KXNFLGAME-26OCT18NONYG,KXNFLGAME-26OCT18NONYG-NO,,active,0.5971,0.4774
2026-10-06T13:00:05.209702+00:00,2026-10-06,2026-10-18,ML,KXNFLGAME-26OCT18NYJNE,KXNFLGAME-26OCT18NYJNE-NYJ,,active,0.3557,0.7244
2026-10-06T13:00:05.209702+00:00,2026-10-06,2026-10-18,ML,KXNFLGAME-26OCT18NYJNE,KXNFLGAME-26OCT18NYJNE-NE,,active,0.7244,0.3557
2026-10-06T13:00:05.209702+00:00,2026-10-06,2026-10-18,ML,KXNFLGAME-26OCT18TENIND,KXNFLGAME-26OCT18TENIND-TEN,,active,0.3147,0.7535
2026-10-06T13:00:05.209702+00:00,2026-10-06,2026-10-18,ML,KXNFLGAME-26OCT18TENIND,KXNFLGAME-26OCT18TENIND-IND,,active,0.7631,0.3147
2026-10-06T13:00:05.209702+00:00,2026-10-06,2026-10-18,ML,KXNFLGAME-26OCT18BALCLE,KXNFLGAME-26OCT18BALCLE-CLE,,active,0.2941,0.7438
2026-10-06T13:00:05.209702+00:00,2026-10-06,2026-10-18,ML,KXNFLGAME-26OCT18BALCLE,KXNFLGAME-26OCT18BALCLE-BAL,,active,0.7631,0.2941
2026-10-06T13:00:05.209702+00:00,2026-10-06,2026-10-18,ML,KXNFLGAME-26OCT18CHIATL,KXNFLGAME-26OCT18CHIATL-CHI,,active,0.6365,0.4371
2026-10-06T13:00:05.209702+00:00,2026-10-06,2026-10-18,ML,KXNFLGAME-26OCT18CHIATL,KXNFLGAME-26OCT18CHIATL-ATL,,active,0.4472,0.6365
2026-10-06T13:00:05.209702+00:00,2026-10-06,2026-10-18,ML,KXNFLGAME-26OCT18HOUJAC,KXNFLGAME-26OCT18HOUJAC-JAC,,active,0.5872,0.4975
2026-10-06T13:00:05.209702+00:00,2026-10-06,2026-10-18,ML,KXNFLGAME-26OCT18HOUJAC,KXNFLGAME-26OCT18HOUJAC-HOU,,active,0.4975,0.5872
2026-10-06T19:00:05.180223+00:00,2026-10-06,2026-10-18,ML,KXNFLGAME-26OCT18DALGB,KXNFLGAME-26OCT18DALGB-GB,,active,0.4874,0.5772
2026-10-06T19:00:05.180223+00:00,2026-10-06,2026-10-18,ML,KXNFLGAME-26OCT18DALGB,KXNFLGAME-26OCT18DALGB-DAL,,active,0.5872,0.4572
2026-10-06T19:00:05.180223+00:00,2026-10-06,2026-10-18,ML,KXNFLGAME-26OCT18LACKC,KXNFLGAME-26OCT18LACKC-LAC,,active,0.2216,0.8112
2026-10-06T19:00:05.180223+00:00,2026-10-06,2026-10-18,ML,KXNFLGAME-26OCT18LACKC,KXNFLGAME-26OCT18LACKC-KC,,active,0.8303,0.2112
2026-10-06T19:00:05.180223+00:00,2026-10-06,2026-10-18,ML,KXNFLGAME-26OCT18BUFLV,KXNFLGAME-26OCT18BUFLV-LV,,active,0.3352,0.7244
2026-10-06T19:00:05.180223+00:00,2026-10-06,2026-10-18,ML,KXNFLGAME-26OCT18BUFLV,KXNFLGAME-26OCT18BUFLV-BUF,,active,0.7244,0.3352
2026-10-06T19:00:05.180223+00:00,2026-10-06,2026-10-18,ML,KXNFLGAME-26OCT18ARILAR,KXNFLGAME-26OCT18ARILAR-LAR,,active,0.8874,0.1379
2026-10-06T19:00:05.180223+00:00,2026-10-06,2026-10-18,ML,KXNFLGAME-26OCT18ARILAR,KXNFLGAME-26OCT18ARILAR-ARI,,active,0.1589,0.8684
2026-10-06T19:00:05.180223+00:00,2026-10-06,2026-10-18,ML,KXNFLGAME-26OCT18PITTB,KXNFLGAME-26OCT18PITTB-TB,,active,0.4673,0.5971
2026-10-06T19:00:05.180223+00:00,2026-10-06,2026-10-18,ML,KXNFLGAME-26OCT18PITTB,KXNFLGAME-26OCT18PITTB-PIT,,active,0.5971,0.4673
2026-10-06T19:00:05.180223+00:00,2026-10-06,2026-10-18,ML,KXNFLGAME-26OCT18CARPHI,KXNFLGAME-26OCT18CARPHI-PHI,,active,0.5673,0.4874
2026-10-06T19:00:05.180223+00:00,2026-10-06,2026-10-18,ML,KXNFLGAME-26OCT18CARPHI,KXNFLGAME-26OCT18CARPHI-CAR,,active,0.4975,0.5474
2026-10-06T19:00:05.180223+00:00,2026-10-06,2026-10-18,ML,KXNFLGAME-26OCT18NONYG,KXNFLGAME-26OCT18NONYG-NYG,,active,0.5075,0.5574
2026-10-06T19:00:05.180223+00:00,2026-10-06,2026-10-18,ML,KXNFLGAME-26OCT18NONYG,KXNFLGAME-26OCT18NONYG-NO,,active,0.5574,0.5075
2026-10-06T19:00:05.180223+00:00,2026-10-06,2026-10-18,ML,KXNFLGAME-26OCT18NYJNE,KXNFLGAME-26OCT18NYJNE-NYJ,,active,0.2941,0.7438
2026-10-06T19:00:05.180223+00:00,2026-10-06,2026-10-18,ML,KXNFLGAME-26OCT18NYJNE,KXNFLGAME-26OCT18NYJNE-NE,,active,0.7438,0.2941
2026-10-06T19:00:05.180223+00:00,2026-10-06,2026-10-18,ML,KXNFLGAME-26OCT18TENIND,KXNFLGAME-26OCT18TENIND-TEN,,active,0.3044,0.7535
2026-10-06T19:00:05.180223+00:00,2026-10-06,2026-10-18,ML,KXNFLGAME-26OCT18TENIND,KXNFLGAME-26OCT18TENIND-IND,,active,0.7535,0.3044
2026-10-06T19:00:05.180223+00:00,2026-10-06,2026-10-18,ML,KXNFLGAME-26OCT18BALCLE,KXNFLGAME-26OCT18BALCLE-CLE,,active,0.4269,0.6365
2026-10-06T19:00:05.180223+00:00,2026-10-06,2026-10-18,ML,KXNFLGAME-26OCT18BALCLE,KXNFLGAME-26OCT18BALCLE-BAL,,active,0.6365,0.4269
2026-10-06T19:00:05.180223+00:00,2026-10-06,2026-10-18,ML,KXNFLGAME-26OCT18CHIATL,KXNFLGAME-26OCT18CHIATL-CHI,,active,0.5673,0.4774
2026-10-06T19:00:05.180223+00:00,2026-10-06,2026-10-18,ML,KXNFLGAME-26OCT18CHIATL,KXNFLGAME-26OCT18CHIATL-ATL,,active,0.4874,0.5673
2026-10-06T19:00:05.180223+00:00,2026-10-06,2026-10-18,ML,KXNFLGAME-26OCT18HOUJAC,KXNFLGAME-26OCT18HOUJAC-JAC,,active,0.5971,0.4673
2026-10-06T19:00:05.180223+00:00,2026-10-06,2026-10-18,ML,KXNFLGAME-26OCT18HOUJAC,KXNFLGAME-26OCT18HOUJAC-HOU,,active,0.4673,0.5971
2026-10-07T01:00:02.960670+00:00,2026-10-07,2026-10-18,ML,KXNFLGAME-26OCT18DALGB,KXNFLGAME-26OCT18DALGB-GB,,active,0.4774,0.5872
2026-10-07T01:00:02.960670+00:00,2026-10-07,2026-10-18,ML,KXNFLGAME-26OCT18DALGB,KXNFLGAME-26OCT18DALGB-DAL,,active,0.5872,0.4673
2026-10-07T01:00:02.960670+00:00,2026-10-07,2026-10-18,ML,KXNFLGAME-26OCT18LACKC,KXNFLGAME-26OCT18LACKC-LAC,,active,0.2216,0.8208
2026-10-07T01:00:02.960670+00:00,2026-10-07,2026-10-18,ML,KXNFLGAME-26OCT18LACKC,KXNFLGAME-26OCT18LACKC-KC,,active,0.8303,0.2112
2026-10-07T01:00:02.960670+00:00,2026-10-07,2026-10-18,ML,KXNFLGAME-26OCT18BUFLV,KXNFLGAME-26OCT18BUFLV-LV,,active,0.3455,0.7147
2026-10-07T01:00:02.960670+00:00,2026-10-07,2026-10-18,ML,KXNFLGAME-26OCT18BUFLV,KXNFLGAME-26OCT18BUFLV-BUF,,active,0.7147,0.3455
2026-10-07T01:00:02.960670+00:00,2026-10-07,2026-10-18,ML,KXNFLGAME-26OCT18ARILAR,KXNFLGAME-26OCT18ARILAR-LAR,,active,0.8779,0.1589
2026-10-07T01:00:02.960670+00:00,2026-10-07,2026-10-18,ML,KXNFLGAME-26OCT18ARILAR,KXNFLGAME-26OCT18ARILAR-ARI,,active,0.1589,0.8684
2026-10-07T01:00:02.960670+00:00,2026-10-07,2026-10-18,ML,KXNFLGAME-26OCT18PITTB,KXNFLGAME-26OCT18PITTB-TB,,active,0.4572,0.6069
2026-10-07T01:00:02.960670+00:00,2026-10-07,2026-10-18,ML,KXNFLGAME-26OCT18PITTB,KXNFLGAME-26OCT18PITTB-PIT,,active,0.6069,0.4572
2026-10-07T01:00:02.960670+00:00,2026-10-07,2026-10-18,ML,KXNFLGAME-26OCT18CARPHI,KXNFLGAME-26OCT18CARPHI-PHI,,active,0.5574,0.5175
2026-10-07T01:00:02.960670+00:00,2026-10-07,2026-10-18,ML,KXNFLGAME-26OCT18CARPHI,KXNFLGAME-26OCT18CARPHI-CAR,,active,0.5075,0.5375
2026-10-07T01:00:02.960670+00:00,2026-10-07,2026-10-18,ML,KXNFLGAME-26OCT18NONYG,KXNFLGAME-26OCT18NONYG-NYG,,active,0.5075,0.5474
2026-10-07T01:00:02.960670+00:00,2026-10-07,2026-10-18,ML,KXNFLGAME-26OCT18NONYG,KXNFLGAME-26OCT18NONYG-NO,,active,0.5574,0.5175
2026-10-07T01:00:02.960670+00:00,2026-10-07,2026-10-18,ML,KXNFLGAME-26OCT18NYJNE,KXNFLGAME-26OCT18NYJNE-NYJ,,active,0.2941,0.7438
2026-10-07T01:00:02.960670+00:00,2026-10-07,2026-10-18,ML,KXNFLGAME-26OCT18NYJNE,KXNFLGAME-26OCT18NYJNE-NE,,active,0.7631,0.2838
2026-10-07T01:00:02.960670+00:00,2026-10-07,2026-10-18,ML,KXNFLGAME-26OCT18TENIND,KXNFLGAME-26OCT18TENIND-TEN,,active,0.3044,0.7535
2026-10-07T01:00:02.960670+00:00,2026-10-07,2026-10-18,ML,KXNFLGAME-26OCT18TENIND,KXNFLGAME-26OCT18TENIND-IND,,active,0.7535,0.2941
2026-10-07T01:00:02.960670+00:00,2026-10-07,2026-10-18,ML,KXNFLGAME-26OCT18BALCLE,KXNFLGAME-26OCT18BALCLE-CLE,,active,0.4572,0.5872
2026-10-07T01:00:02.960670+00:00,2026-10-07,2026-10-18,ML,KXNFLGAME-26OCT18BALCLE,KXNFLGAME-26OCT18BALCLE-BAL,,active,0.5772,0.4774
2026-10-07T01:00:02.960670+00:00,2026-10-07,2026-10-18,ML,KXNFLGAME-26OCT18CHIATL,KXNFLGAME-26OCT18CHIATL-CHI,,active,0.5673,0.4975
2026-10-07T01:00:02.960670+00:00,2026-10-07,2026-10-18,ML,KXNFLGAME-26OCT18CHIATL,KXNFLGAME-26OCT18CHIATL-ATL,,active,0.4975,0.5673
2026-10-07T01:00:02.960670+00:00,2026-10-07,2026-10-18,ML,KXNFLGAME-26OCT18HOUJAC,KXNFLGAME-26OCT18HOUJAC-JAC,,active,0.6267,0.4269
2026-10-07T01:00:02.960670+00:00,2026-10-07,2026-10-18,ML,KXNFLGAME-26OCT18HOUJAC,KXNFLGAME-26OCT18HOUJAC-HOU,,active,0.4269,0.6267
